# Helios secular (mean) elements, J2000 ecliptic, TDB seconds since J2000, SI units.
# Fitted to JPL DE440 over 2000-2200 by tools/ephemeris/fit_mean_elements.py (least-squares on position).
# Mercury: fit RMS 1900.4 km, max 6445.0 km
# Venus: fit RMS 6188.1 km, max 13862.1 km
# Earth-Moon barycentre: fit RMS 6691.8 km, max 16971.4 km
# Mars: fit RMS 35884.8 km, max 100426.5 km
# Jupiter barycentre: fit RMS 768043.7 km, max 1620609.9 km
# Saturn barycentre: fit RMS 2389880.3 km, max 4599430.9 km
# Uranus barycentre: fit RMS 352488.2 km, max 928560.5 km
# Neptune barycentre: fit RMS 157567.3 km, max 432376.7 km
# Pluto barycentre: fit RMS 16185.8 km, max 56993.0 km
# Moon: fit RMS 7563.1 km, max 15227.5 km
target,center,reference_epoch_tdb_s,semi_major_axis_m,semi_major_axis_rate_m_s,eccentricity,eccentricity_rate_per_s,inclination_rad,inclination_rate_rad_s,longitude_of_ascending_node_rad,longitude_of_ascending_node_rate_rad_s,longitude_of_periapsis_rad,longitude_of_periapsis_rate_rad_s,mean_longitude_rad,mean_longitude_rate_rad_s
Mercury,Sun,0,57909120792.826912,2.4109918481202668e-07,0.20563211497730954,6.4452886627438488e-15,0.12225980934315411,-3.2914797480662343e-14,0.84353483444211075,-6.9461030124911066e-13,1.3518636870862841,8.7862411449070576e-13,4.4026083971267616,8.2667576575790055e-07
Venus,Sun,0,108208864384.6058,7.8289427202505611e-07,0.0067714870383928831,-1.5026599585163032e-14,0.059248078787180233,-5.1087453893726916e-15,1.3383190729825496,-1.5385698225016994e-12,2.2963106697845177,-1.5392901009418964e-14,3.1761629293815248,3.2363948423115549e-07
Earth-Moon barycentre,Sun,0,149597905772.47714,1.8877877956542237e-06,0.01670756714350416,-1.3027313374734128e-14,4.266180176183107e-07,7.2075889952905271e-14,3.0506815655220638,-1.0670467735983583e-12,1.7965630728145743,1.7890287075163527e-12,1.7534212690048223,1.9909866319134567e-07
Mars,Sun,0,227940495873.35013,1.0779834054282655e-05,0.093407266002070485,2.8019306397069803e-14,0.032283623897505873,-4.5339568353965991e-14,0.86497322756439954,-1.6391489393146563e-12,5.8653103381934004,2.4666975253869591e-12,6.2037227245785349,1.0585762116602242e-07
Jupiter barycentre,Sun,0,778347493228.62561,-0.0016901489667581438,0.048404090233720581,-6.9721693472461041e-16,0.022765292685996006,-1.3775468967763623e-14,1.7538334701400549,1.0612196073209464e-12,0.25615414088392996,6.1756678467297003e-13,0.60002184425861771,1.6783860942665771e-08
Saturn barycentre,Sun,0,1427192971429.522,0.037931286347582978,0.054011462729452356,1.5728031718434912e-13,0.043388141811955272,2.0530395422681632e-14,1.9835249730426783,-1.5402497226892967e-12,1.6099949791762358,-4.8562271037023687e-13,0.87289818011634712,6.7615936718012292e-09
Uranus barycentre,Solar System barycentre,0,2870635618623.8677,-0.024312581876191838,0.04722187976458761,4.5485606269571195e-14,0.013478769960917514,-7.0698052183915478e-15,1.2917255978600417,7.7198679126512482e-14,2.9864589035277662,-6.4590996635033764e-13,5.4666599559656124,2.3702356275901007e-09
Neptune barycentre,Solar System barycentre,0,4498755147503.7305,-0.025240049225432964,0.008642790397187107,1.636046905269482e-14,0.030894364382554385,1.4307727446252874e-15,2.3000695595747733,-2.4546891007385428e-14,0.77463126932309756,-2.3933786944986379e-14,5.321217748255342,1.2080971306359361e-09
Pluto barycentre,Solar System barycentre,0,5907117350819.4102,0.069179566695909869,0.24898308267339489,1.6676834724870134e-14,0.299153980170554,4.2307350729552192e-17,1.9251296821624289,-2.158314343876117e-14,3.9107302688844965,-5.2932976044371289e-14,4.1699952176195492,8.029088023405306e-10
Moon,Earth,0,384359115.11561114,-1.0176310491788636e-07,0.054844037285750664,6.242124353056835e-16,0.089820888451021194,-3.7161236800865146e-15,2.1825594739373351,-1.0704726131162808e-08,1.455402229213514,2.2496153797565986e-08,3.8103543048203594,2.6616994502393006e-06
